day,_0_to_1,_1_to_10,_10_to_100,_100_to_1000,_1000_to_100000,More_10000
2018-09-06 00:00:00 UTC,7745.3140677299962,36067.509172280013,170403.90452023005,651356.33456712007,266913.41158522,10501.93233241
2018-08-30 00:00:00 UTC,11875.394404040013,52009.617117550006,274004.63962109,702915.66484211979,151520.33209091998,
2018-08-23 00:00:00 UTC,9540.8779900199934,35159.52351354,153486.32517461007,387101.42618578,1311355.9730446,
2018-08-16 00:00:00 UTC,11687.065487639982,41676.576775820009,198859.55637781997,616190.04807987984,557111.76397834,11837.00599
2018-08-09 00:00:00 UTC,17491.594049179988,49191.77246374001,219383.08019701,945600.34443098982,245898.04563468005,
2018-08-02 00:00:00 UTC,19201.935958160022,54334.104220079978,186528.56415673997,366977.27270632994,2043514.5166483398,
2018-07-26 00:00:00 UTC,15141.516447979993,62541.437585279993,299878.87679647992,524472.89829684,235357.76159884,
2018-07-19 00:00:00 UTC,15358.40050809003,65515.59300192001,359144.21322329994,572051.31109979,196718.87046163,
2018-07-12 00:00:00 UTC,14061.846323400025,59742.39492037001,332088.43235249986,738688.74018235994,296202.62133565,
2018-07-05 00:00:00 UTC,15446.285380439995,50930.13615036002,376732.63663583,608943.50036807987,669801.14317948988,
2018-06-28 00:00:00 UTC,14941.673614650002,53902.03150563,306035.00141067989,632243.84704739,934967.66212101,
2018-06-21 00:00:00 UTC,13172.950510959978,59165.538091319992,240514.31743155007,641538.60222324007,2454295.8446709,
2018-06-14 00:00:00 UTC,10898.776667380022,51502.351165260006,322701.56119663,434165.10578598,3084098.41971529,
2018-06-07 00:00:00 UTC,10811.478345770009,63536.69031023002,313529.30757073994,912318.96617444,936119.36198526016,
2018-05-31 00:00:00 UTC,8695.272759370011,50912.431223330022,351867.01341193996,716403.07147130009,740205.74731873,
2018-05-24 00:00:00 UTC,8995.1454806800084,47207.56623657998,313609.64819468994,604763.63914644,232386.55953510004,
2018-05-17 00:00:00 UTC,9442.7824261799979,52397.115949579988,450003.84060413996,644675.79513841006,199587.29189358,
2018-05-10 00:00:00 UTC,8646.7733045799887,52684.139211159978,459538.67721725994,1007341.7603164798,529226.01751997008,
2018-05-03 00:00:00 UTC,8621.8161211599981,52560.785631139996,448442.0124423501,1475747.5935305003,618729.17914399,
2018-04-26 00:00:00 UTC,9561.9188964000041,50072.361907870021,456014.4002712901,1054627.27931726,389184.53074161004,
2018-04-19 00:00:00 UTC,11408.865708769988,64346.230208989982,332467.60596389993,1117906.97230576,1505024.27782602,
2018-04-12 00:00:00 UTC,11147.092345019999,45714.41010749001,334104.2322096501,1104150.3954924198,1217221.4658173202,
2018-04-05 00:00:00 UTC,7302.3235558500046,43508.00829357,304097.82433462009,945487.48859548988,859286.26040485,
2018-03-29 00:00:00 UTC,9471.7933634099936,47775.372989520009,308415.48304133996,1105255.15071931,1227413.75821753,
2018-03-22 00:00:00 UTC,10559.06879188,64586.46805666,343538.27895756,622641.31885966,1688199.71049304,
2018-03-15 00:00:00 UTC,11073.151181490006,67136.16873906,551774.03834918013,800397.89057578018,3569354.9274141206,
2018-03-08 00:00:00 UTC,9943.71512391999,59266.28607873,382534.63569665008,842904.20060837,90705.50163084,
2018-03-01 00:00:00 UTC,8583.79143411,57180.93498839,247391.32468482989,553412.9756829699,174092.34480228,
2018-02-22 00:00:00 UTC,9124.2334880800045,79198.263343550017,198734.4401332,564840.17180417012,491809.75252285006,
2018-02-15 00:00:00 UTC,9584.98743194001,51622.474648179996,221847.77773332995,956891.84568341973,531039.06006691,
2018-02-08 00:00:00 UTC,9556.5280677899937,53092.535389540026,268248.82617155986,664542.5868887,319337.37495737005,
2018-02-01 00:00:00 UTC,15835.916012270007,57949.269263750008,367070.6467318699,885838.41455935012,1294172.3726394498,
2018-01-25 00:00:00 UTC,12875.697024849986,54382.616678179984,780079.60803766968,744790.61349636992,4449751.0348292608,1070335.7153532498
2018-01-18 00:00:00 UTC,17410.211946359992,85914.6989508099,1650093.7534038806,738937.28665769,290605.31076370995,
2018-01-11 00:00:00 UTC,18547.170962959994,110546.87064159005,1777610.2293532495,1011607.9448031101,1051284.5991803198,
2018-01-04 00:00:00 UTC,22006.093414690014,181549.51068499984,2418464.4496882609,995027.80617836991,1555296.44346457,
2017-12-28 00:00:00 UTC,19247.825547639983,138108.37097870989,1780328.1183019108,2108041.0636122013,931014.70146241994,
2017-12-21 00:00:00 UTC,20029.326979000005,161905.59739812996,1599986.167282331,854242.44292449,325612.18143412,
2017-12-14 00:00:00 UTC,23677.87617150999,223288.84086370989,1975032.3680625604,788218.87590867,499659.65797468997,17523.23320482
2017-12-07 00:00:00 UTC,22286.403398189985,194354.13629272996,1462188.0285383197,495973.45014021,694460.03436066012,20654.22844325
2017-11-30 00:00:00 UTC,19833.245114219997,159066.69226853011,1356517.9604531212,454078.57271434006,554451.59311858006,
2017-11-23 00:00:00 UTC,16872.240259070004,125571.82431780998,976680.3985221996,436162.14019182004,708524.78559727,
2017-11-16 00:00:00 UTC,18491.78273241,110316.97610944002,672908.75069497037,229162.24764856003,193152.80303306,
2017-11-09 00:00:00 UTC,15452.994722490012,95424.672674499961,754279.45745852008,236785.17878702996,496326.96139116003,37278.37080508
2017-11-02 00:00:00 UTC,16484.566009380029,124014.66812927008,667308.26596986013,330838.19956236,101200.21200829,
2017-10-26 00:00:00 UTC,14006.656270559999,88339.21371289996,718892.58730843011,276631.4685629,160213.43167923,24306.980622479998
2017-10-19 00:00:00 UTC,14142.374874689995,82065.035100240028,931545.88978972018,579136.10607995,293145.71775767003,10473.5159251
2017-10-12 00:00:00 UTC,15168.392480569997,91721.91328806,712883.83250794,434747.13804444997,70414.729535520019,
2017-10-05 00:00:00 UTC,14886.30887716998,69229.762136899983,727772.22640846018,485020.09003352,15974.8826742,
2017-09-28 00:00:00 UTC,13588.582864020005,85873.55432018,925732.94456250011,541789.27501843986,168790.19538003003,
2017-09-21 00:00:00 UTC,12621.995171760007,64653.279913479986,837805.27977791918,570516.37791481009,126561.91009932001,
2017-09-14 00:00:00 UTC,15828.315826899998,81171.457235899987,1151152.32126943,800354.81625951,186992.77704974,186803.08797407
2017-09-07 00:00:00 UTC,14011.916778740004,76207.598873100054,886428.23238634958,877467.81388884,93207.017546009985,339863.80795934
2017-08-31 00:00:00 UTC,14694.946419389984,91646.234935610017,1271377.9966195403,1196509.0065684698,109129.80557088999,19292.79256
2017-08-24 00:00:00 UTC,12622.526939810015,76290.74407929,821547.19290865061,513749.11514726991,203839.9674724,
2017-08-17 00:00:00 UTC,12623.893991019988,61146.392128900014,816087.24238446,1039302.59092011,315584.37969797,
2017-08-10 00:00:00 UTC,13927.723128760012,71601.537721149987,983562.74306702067,1797092.3648656798,528845.94147083,
2017-08-03 00:00:00 UTC,11664.828286030004,67149.62308537995,951637.25624706014,2024790.0888312403,1047528.2996546901,
2017-07-27 00:00:00 UTC,11577.817054650002,49371.427244559993,739136.8691406101,1551094.2112854794,1289697.56104251,
2017-07-20 00:00:00 UTC,11524.992607029999,72516.612497340029,718311.4588164601,1494096.4983737203,491135.96097426995,
2017-07-13 00:00:00 UTC,10837.932454519985,73615.505497890015,787014.4127053,1433250.5588952198,497638.84735768003,91818.9789
2017-07-06 00:00:00 UTC,11397.06644182,69922.767508689969,774925.38274580042,1747281.7884384198,540808.08684364019,
2017-06-29 00:00:00 UTC,11952.66254531,73599.175410949945,960769.82882360031,1435192.4090195498,304021.41807357,
2017-06-22 00:00:00 UTC,12409.622646580003,82107.054504970016,821382.78986774059,1101632.1428866303,204107.09430346004,
2017-06-15 00:00:00 UTC,12477.899493249997,83754.066732719948,932628.72526605078,1114148.5519465804,102111.7529146,
2017-06-08 00:00:00 UTC,12756.659889849998,92953.720514969988,931893.3399389796,1036994.7157511996,235514.81004101,
2017-06-01 00:00:00 UTC,13573.439562800002,95719.617491249985,855538.79833105,1940093.0720526692,163518.08968563002,
2017-05-25 00:00:00 UTC,14576.056875540005,91200.893127190051,914263.25069018931,1753973.5963548298,1817878.0579457802,
2017-05-18 00:00:00 UTC,16625.89534927,142665.59825548,1557877.0708976393,5144987.4772301894,795577.28811900015,
2017-05-11 00:00:00 UTC,13539.769119420003,96940.983836660031,1459694.721166051,3916545.9331616987,2411180.57974774,
2017-05-04 00:00:00 UTC,14744.62909015999,101723.26477211001,1434738.2365229207,3174825.8362420709,2027646.0599514097,
2017-04-27 00:00:00 UTC,15555.576745509989,112435.37787385,1453012.9768712295,1724353.1280969102,1476423.42413287,
2017-04-20 00:00:00 UTC,15143.859171470018,94968.886658559975,1267994.3449772105,1382871.6007449399,1192085.52781286,
2017-04-13 00:00:00 UTC,13605.896853259996,86825.986931409992,1195400.5819813802,1216649.7277607701,1624127.27905206,
2017-04-06 00:00:00 UTC,13960.773285939991,93235.71660804002,1005732.1314077694,1172246.0373738199,13496146.888033381,
2017-03-30 00:00:00 UTC,14375.507319759989,95235.03531560993,1229306.5750303,2351013.625603599,6649461.2633665921,
2017-03-23 00:00:00 UTC,13926.420100839996,91151.07594985,1083654.1865501092,1582121.484911,849451.33798232,
2017-03-16 00:00:00 UTC,14280.782394309977,91577.421190919951,980774.96550734062,2487777.3563995389,13179668.860852091,
2017-03-09 00:00:00 UTC,14256.33012966999,92133.906148269976,776069.57853790012,1838260.4147603,5272310.3199898787,16437.85381982
2017-03-02 00:00:00 UTC,13719.172007999998,99572.828716190023,890140.36189027049,1558783.8944446803,2582308.84056664,
2017-02-23 00:00:00 UTC,14695.269945079992,93764.103961469911,774214.76385381981,1436652.1141002297,1950396.4342309602,
2017-02-16 00:00:00 UTC,14098.178632549992,99536.533471609975,731046.83092040976,1657268.1913548606,2450473.44823613,
2017-02-09 00:00:00 UTC,15507.169287989991,101563.11961319996,719197.20082112029,1638392.6489325906,2419845.37871349,
2017-02-02 00:00:00 UTC,13903.423419399987,86489.420199310087,809031.80501344,2014078.1692269293,617403.66385472007,
2017-01-26 00:00:00 UTC,14416.336443879991,86422.03583805,708743.29434741009,2399521.2238630196,1190718.4804373998,
2017-01-19 00:00:00 UTC,14057.710851940014,79126.18171564,664844.67235343007,1872259.024620279,2107451.41474768,
2017-01-12 00:00:00 UTC,14550.785767180014,86326.413179809984,606223.20921832,2367766.86303861,1781119.4963150204,
2017-01-05 00:00:00 UTC,14360.113271500013,95320.849920909939,856163.71724886028,2089646.5812819398,1559133.73915313,26215.446676860003
2016-12-29 00:00:00 UTC,13995.32386214002,99710.349211350011,615391.9319616498,1395881.6183597697,462522.29292109993,
2016-12-22 00:00:00 UTC,15527.731215069996,80635.02187965,701457.69527739007,1983220.2526592202,836571.51708743,
2016-12-15 00:00:00 UTC,16267.023526679979,82776.178813719976,695639.10524163942,850282.36316326016,491497.30029613996,
2016-12-08 00:00:00 UTC,15810.390474610016,79907.317535599941,562299.4244336799,724084.07794569014,63082.243901639995,
2016-12-01 00:00:00 UTC,15846.582228529984,88720.76106143,565501.60898524034,370712.80802348,74561.65717577,
2016-11-24 00:00:00 UTC,17186.925590999992,91851.79201022,518744.76415449026,363832.77822914009,74534.039973750012,
2016-11-17 00:00:00 UTC,15633.486414879995,79020.157774259947,544613.58332412,692310.20640667,96817.43243266,
2016-11-10 00:00:00 UTC,16906.626944369964,82530.225800449989,575643.60949115991,517657.29315579997,208980.82240583003,
2016-11-03 00:00:00 UTC,16615.728438549995,87847.71189199,576395.44100919983,1198102.92349429,307862.51169744995,
2016-10-27 00:00:00 UTC,18094.943708869985,100860.35874071004,558099.53131973976,781130.45629706979,125425.81837527001,
2016-10-20 00:00:00 UTC,16687.767334530021,92437.168252159943,481311.95357323968,1075937.5625804197,105895.2311946,
2016-10-13 00:00:00 UTC,16322.186349400015,94006.011193149941,512515.64722106978,759583.46590873972,381096.87959342997,
2016-10-06 00:00:00 UTC,17446.102395729991,106390.66217131002,498481.24225656991,658986.7715937,29343.110524929994,
2016-09-29 00:00:00 UTC,17873.24303178,91753.664469369949,509182.34357523,551144.70346044,9777.96164033,
2016-09-22 00:00:00 UTC,17113.579695229997,81818.53753007,453912.92299410992,601242.80195742985,64946.22170109,
2016-09-15 00:00:00 UTC,17117.913857990017,74246.904507789965,373757.96128439996,875725.78799709026,275788.62261627003,
2016-09-08 00:00:00 UTC,16958.425035610013,78676.32925737,500258.07364020986,598876.79010835988,19311.14784445,36826.055228440004
2016-09-01 00:00:00 UTC,17266.458182429989,78850.33451963,441250.31797140994,710987.57572225993,24260.77149893,
2016-08-25 00:00:00 UTC,18399.808774699984,76294.36259581,494436.35359576007,607491.67333515012,81340.27748602,
2016-08-18 00:00:00 UTC,19020.874985629966,80097.07140645,518107.84056195,519170.01605474,75551.03586436,
2016-08-11 00:00:00 UTC,25031.858213500014,98775.0010031701,495188.86134728987,515841.98431703006,108681.74435107,
2016-08-04 00:00:00 UTC,22705.259576629975,112063.62673298005,406885.13962927018,777111.8561738201,146579.19700237,
2016-07-28 00:00:00 UTC,19901.866400140003,83694.933275739982,374947.22961851006,974439.31173248019,80720.755654920009,
2016-07-21 00:00:00 UTC,19265.53674266,84562.087477340014,373135.1924795002,800216.7388846199,73947.20222281001,
2016-07-14 00:00:00 UTC,21427.884715609984,84164.805463370081,348080.91562700004,1032648.22315082,32320.00280719,
2016-07-07 00:00:00 UTC,20475.421469420038,84539.807897229985,433353.55555622,422499.07276178,38924.86540323,
2016-06-30 00:00:00 UTC,21893.294379159979,91082.665429919987,464920.98945003969,692979.3077041998,81254.885167659988,
2016-06-23 00:00:00 UTC,23727.681274169998,97365.326109869929,446129.90086273005,681672.07671197,110727.24825927,
2016-06-16 00:00:00 UTC,25930.866448450062,112865.85507957998,525259.35374341,1580108.6703804797,110257.09844082,
2016-06-09 00:00:00 UTC,28586.842080500002,124080.74376822011,548045.30365981,1061664.75442714,98961.97478116,
2016-06-02 00:00:00 UTC,32839.199520590009,118977.25483122,484651.14271313988,1258847.1007848,132115.86569359002,
2016-05-26 00:00:00 UTC,29673.724401199986,120792.93939115998,449254.30559018988,1700231.88301318,491010.23800982,
2016-05-19 00:00:00 UTC,36142.682223740027,136856.94422870991,442970.36028371972,1642368.5159233199,241551.74884210003,
2016-05-12 00:00:00 UTC,37986.54715288,149670.55292329995,389151.10635495,195338.60802694998,49409.43076482,
2016-05-05 00:00:00 UTC,38192.946679730019,156572.50209035008,282300.59533435997,379797.65126586996,66989.08142804,
2016-04-28 00:00:00 UTC,40716.250784659976,158999.81624001998,355467.98956597009,469185.56959437,40353.02485283,
2016-04-21 00:00:00 UTC,35016.342253099981,138127.31085884,411637.61169217993,800573.83767065,87982.856887659989,
2016-04-14 00:00:00 UTC,35808.475591900009,139073.04643283001,467919.74378967012,857296.86484000972,65146.962992879991,
2016-04-07 00:00:00 UTC,39017.31678953,148078.35516093983,596842.17777645041,1496904.0904209,64973.78739251,
2016-03-31 00:00:00 UTC,40404.54900790003,146053.94701402992,514125.7803167504,366170.73861599003,45731.39901698,
2016-03-24 00:00:00 UTC,32890.623918140074,117755.58926330005,402907.15965809993,323268.13795308,69822.84174555,19725.16939074
2016-03-17 00:00:00 UTC,32864.947251780031,112937.25965426001,346694.77930105967,430828.66823669989,88999.20630392,
2016-03-10 00:00:00 UTC,32274.895657920024,110254.12171489005,283080.11061627988,177508.28433919,66214.87728438,
2016-03-03 00:00:00 UTC,35071.111407319971,217988.88106911012,277143.64274131006,278812.6009772101,50269.31867545,
2016-02-25 00:00:00 UTC,47299.66236837006,181410.56322122997,378160.75389869005,594564.34016679006,189111.62581424002,
2016-02-18 00:00:00 UTC,48678.567203759987,179440.98612819979,336409.55676753994,376085.63508685003,79946.62377476,
2016-02-11 00:00:00 UTC,45937.72022750006,165120.86340387992,490080.87540821,367862.11161584005,55028.106083939994,
2016-02-04 00:00:00 UTC,40233.154679730018,171784.0173534902,519926.1202858602,269223.01741186006,31973.208574980003,
2016-01-28 00:00:00 UTC,40456.893592470107,150081.99712979991,407369.14582106005,145035.96609876998,49267.300967510004,
2016-01-21 00:00:00 UTC,70158.294266099867,141925.64238002995,312177.19089201,250248.54915431,44619.90734906,
2016-01-14 00:00:00 UTC,58207.79145175001,124075.20303518003,302728.00698588992,210580.51277278,43348.44271093,
2016-01-07 00:00:00 UTC,50921.894467059923,160834.1430516598,340208.22134259006,524086.15370872,99148.659113889982,
2015-12-31 00:00:00 UTC,40874.052981160072,120596.74911971997,393464.94934979989,191291.75126640007,36873.85069608,
2015-12-24 00:00:00 UTC,43656.78993525009,165212.81515901003,854470.1965235197,1508192.6193367199,161467.52572438002,
2015-12-17 00:00:00 UTC,51457.551444349941,233560.72814837992,367349.61007819988,124260.95032666,65023.92151197,
2015-12-10 00:00:00 UTC,50229.781297810063,228888.14122745991,437886.41766105045,143548.98829938003,57177.94652995,
2015-12-03 00:00:00 UTC,44633.555343810134,197372.79154257,413120.43081086007,223330.89609291003,45170.6968149,
2015-11-26 00:00:00 UTC,37274.936233450091,154805.56019575996,278662.13843706,105293.8883089,21490.00838379,
2015-11-19 00:00:00 UTC,35291.284241450063,138072.33007325,259504.53399074002,102391.38519945001,42601.069398870008,
2015-11-12 00:00:00 UTC,38590.120162559964,142022.67467686994,334162.13215542992,195637.04964187,31372.6170582,
2015-11-05 00:00:00 UTC,34916.687431289996,153159.28003626995,294382.53687447007,175537.99333263,67092.2842594,74799.953000000009
2015-10-29 00:00:00 UTC,38230.076288700009,183324.34882070008,416406.50518501,265476.72180882003,49582.10380775,
2015-10-22 00:00:00 UTC,31555.919371530028,145598.47270346995,447549.25892570009,113548.99547237,36856.41400556,
2015-10-15 00:00:00 UTC,33867.661197450012,176202.39818133996,410739.15212001023,85507.1929383,30299.36420152,
2015-10-08 00:00:00 UTC,30949.801611840026,188664.30187415998,299205.42769682,131175.89879963,36297.59401563,
2015-10-01 00:00:00 UTC,40609.304715709979,187147.79099525016,350796.79967820004,260807.44841734998,134117.88990124,
2015-09-24 00:00:00 UTC,40131.456441240072,235081.12754524991,337199.34668881982,305136.25826832006,94747.75810111,
2015-09-17 00:00:00 UTC,34826.130278319979,192215.22721353022,380700.12378726015,214949.08163608998,64168.269877080005,
2015-09-10 00:00:00 UTC,39328.007107049983,150036.18063402004,262031.55387423994,193137.57209951,122059.62037542,
2015-09-03 00:00:00 UTC,30492.588091329966,164163.58903195994,254393.18158293993,175717.55938799,106574.50458619,
2015-08-27 00:00:00 UTC,33349.813232910012,142433.55033788,251519.04645290005,189233.05288853,69430.06871312,
2015-08-20 00:00:00 UTC,32203.262107520026,128404.18598956005,282883.58829995012,177543.78606995,111823.87812426001,
2015-08-13 00:00:00 UTC,29274.481176219979,116454.80023664999,217196.98056336996,261131.49631447994,89908.39061656,
2015-08-06 00:00:00 UTC,27433.203104529985,118046.81871489002,357948.56829767011,176538.73418871002,51831.690034529995,
2015-07-30 00:00:00 UTC,27439.450850199955,111300.64594521011,397706.35606341012,147235.04214776002,54514.66506458,
2015-07-23 00:00:00 UTC,26787.658243530062,120290.59592772994,255114.4306015599,143838.12539648003,26090.77307354,
2015-07-16 00:00:00 UTC,26345.825986490032,109665.73053533997,259944.05341426996,118855.42127631001,41544.68561706,
2015-07-09 00:00:00 UTC,26254.327639590017,101248.52556800006,237556.40776967996,167542.22890368,120893.54263904,
2015-07-02 00:00:00 UTC,27759.783935559943,97857.89281809004,238892.92020551997,138356.23726974,38331.09408845,
2015-06-25 00:00:00 UTC,32010.333148619993,88817.034965380022,234694.10513601004,122586.69685457001,29002.944224469997,
2015-06-18 00:00:00 UTC,32476.067905709984,82004.278221409942,214729.99676317006,656061.28553449,30764.209527029998,
2015-06-11 00:00:00 UTC,30896.60169447009,106121.82884809002,295092.63508783013,1174094.5190501702,42881.790554359992,
2015-06-04 00:00:00 UTC,28416.082206320021,124827.79476119,359844.71112206986,1141060.3389745802,43226.526072819994,
2015-05-28 00:00:00 UTC,31187.181051849984,119426.47476233997,322354.75697019993,892505.70599743,43455.86517009,
2015-05-21 00:00:00 UTC,27408.21791747001,116499.42288987995,269626.40753434011,529903.98173681,27551.783392239995,
2015-05-14 00:00:00 UTC,27496.57285196,97544.740957170041,333722.91240320995,188975.19240756996,33453.10167266,
2015-05-07 00:00:00 UTC,27677.313675289974,168162.44825003002,417069.42993094027,103289.05630779002,33902.615886579995,
2015-04-30 00:00:00 UTC,26637.389604099961,205503.07014575979,342863.78484088019,121255.34554568,61364.196558419993,
2015-04-23 00:00:00 UTC,26382.60939107,166291.96250059994,438098.54855457006,144203.39867129,56726.175607910009,69370.082201
2015-04-16 00:00:00 UTC,24705.999260719957,132177.67551440996,397135.88420195004,170265.10901868006,46717.27069746,
2015-04-09 00:00:00 UTC,24445.696843260004,106854.93864507998,277656.47484888,110723.42645873001,73141.39053573001,22238.41233673
2015-04-02 00:00:00 UTC,24040.873980280005,73554.925034430009,211568.54333060011,134505.46515128002,25034.06122348,
2015-03-26 00:00:00 UTC,23416.440043690036,67574.61061499,234197.30668604,142445.54617798,51363.810698,
2015-03-19 00:00:00 UTC,21654.651264510027,68328.125663999977,232700.87368742996,125542.46956654,95580.822363740008,
2015-03-12 00:00:00 UTC,20583.088789700018,70323.20488985999,218884.21176857996,126353.40472707002,106707.36699738001,
2015-03-05 00:00:00 UTC,20900.008978150003,64499.154961639986,232061.2483653,135900.06488494997,98117.322595449979,198998.46676152002
2015-02-26 00:00:00 UTC,21169.117987450016,67488.376493340038,238724.41760584011,162056.8024304,65747.87102837,
2015-02-19 00:00:00 UTC,22790.587622970073,63281.04404386002,237770.80094179005,112877.71371026999,76432.48861926,
2015-02-12 00:00:00 UTC,19485.502134880026,70584.392839410008,237664.01255105998,186403.33211935003,93580.99235243,
2015-02-05 00:00:00 UTC,19892.326317309995,62372.956377870032,210833.93289926997,146793.00701101002,24312.05291888,
2015-01-29 00:00:00 UTC,18670.44980714,61590.618488620006,187593.04693705004,179154.99522283996,163119.44495573002,
2015-01-22 00:00:00 UTC,19566.941137800011,65464.223956899994,200017.12702143009,488115.45395513996,68845.243092109988,15000.0
2015-01-15 00:00:00 UTC,19681.75073684,69189.57040563,185192.7789067,200645.63730611998,315597.24866705004,
2015-01-08 00:00:00 UTC,23824.499651629962,80476.361357339993,170536.72029712002,241863.52606458997,68153.46996165,118394.64788877
2015-01-01 00:00:00 UTC,15043.562823010028,62758.686687530033,160314.74275309,235626.72257500995,56913.8738248,
2014-12-25 00:00:00 UTC,13985.600673849993,52222.43798469,281878.91007555992,366413.58393211,36212.458,
2014-12-18 00:00:00 UTC,17167.755688329995,78065.434822009935,564443.64589021984,187612.10933764998,65799.53322615,432429.9283
2014-12-11 00:00:00 UTC,17961.840230030015,73098.64075059,556415.01088143035,179698.9223262,21134.98152627,218517.63448198998
2014-12-04 00:00:00 UTC,20923.381418339995,73616.55761074998,359754.0839397902,697620.91921834007,210536.59903724998,268795.44492020004
2014-11-27 00:00:00 UTC,23836.852056799962,69670.215077669985,323468.77126074006,520268.86574270006,1372591.2701937598,
2014-11-20 00:00:00 UTC,23171.534154679961,69761.879300830013,266712.00555785996,464381.4431956099,988076.4653685,
2014-11-13 00:00:00 UTC,21274.744107879997,71950.953687979985,236925.46185263005,619974.54128472,672583.16569985007,
2014-11-06 00:00:00 UTC,21008.799521669978,67258.778997519985,195773.84526129998,461032.91600613,796392.86679026,
2014-10-30 00:00:00 UTC,21937.965726570012,69088.859137730047,178384.17815241002,487226.47034816997,1947961.8074749603,
2014-10-23 00:00:00 UTC,20423.677951000009,71935.01733482,129599.8498091,269209.07978399005,2407442.1424046,
2014-10-16 00:00:00 UTC,14897.639112349985,71169.789381929964,140516.70032367,322439.13006659993,1478657.6073265001,
2014-10-09 00:00:00 UTC,15990.260754640009,72623.47275967001,146973.84309698,521639.93924201,857256.88480944,22997.99921
2014-10-02 00:00:00 UTC,15665.839414970005,74209.96761310994,143723.89181497,432353.90912898,242172.66760882005,53473.74991245
2014-09-25 00:00:00 UTC,14913.452029549997,74429.277530070016,145301.17955896995,384850.73413840006,806192.47998121,
2014-09-18 00:00:00 UTC,14750.563417509989,72366.611922340016,233219.01838305994,372478.5494974301,885611.53086233989,
2014-09-11 00:00:00 UTC,15403.557324800015,71090.022908639992,166240.71664372995,423539.54210498,45333.960182020004,
2014-09-04 00:00:00 UTC,14636.52266572,70324.379541109985,202131.74786803004,305663.38758852007,69646.627706510015,
2014-08-28 00:00:00 UTC,14837.333530499993,55952.29925697999,118512.40806614,399076.79343588994,19197.488446350002,46395.02097758
2014-08-21 00:00:00 UTC,13994.351225859986,52948.129695229953,90794.95217529,374951.22739867005,65954.644355780008,35395.1400512
2014-08-14 00:00:00 UTC,14154.035240220015,61329.216199380018,218885.76227058005,335249.11096033989,60755.87879348,11999.9999
2014-08-07 00:00:00 UTC,13658.166301019995,42779.227169999976,95124.414431809986,276441.67166743,70643.78499238,
2014-07-31 00:00:00 UTC,13157.776354829999,42494.930232120008,102265.23948821999,310342.22190305992,121859.93840801001,35395.31382936
2014-07-24 00:00:00 UTC,11896.054365190012,36147.25304452,82175.207826469967,184387.28284519,83684.82958771,14122.85635402
2014-07-17 00:00:00 UTC,13606.076269229992,37500.324683639985,99893.016852039989,189499.73609907,149785.0035658,
2014-07-10 00:00:00 UTC,12169.721628070007,36270.053208730016,120121.70535655,158482.14816182,118512.84092833,
2014-07-03 00:00:00 UTC,11255.39623917,33170.186229639985,73962.801444759985,169496.57807832,75003.461171159986,
2014-06-26 00:00:00 UTC,12237.98620212001,37522.298832730026,85751.594903509977,178812.52712150998,72510.329951939988,22850.984049979998
2014-06-19 00:00:00 UTC,12175.880915009997,34355.281873670006,82715.29698627,152773.53614608,67940.77769928,
2014-06-12 00:00:00 UTC,12625.696618850016,39931.675606270015,71495.921906099989,145606.23213027997,35345.999847880004,
2014-06-05 00:00:00 UTC,13008.34771356001,38004.65424313,87775.846634339992,120877.48534398,49125.491902000009,
2014-05-29 00:00:00 UTC,11222.474331130004,37697.421204249993,123280.25713026998,146771.50714573,65824.58744925,
2014-05-22 00:00:00 UTC,11694.54467766999,38250.84066861,100010.4729621,156271.08268755997,74562.077910200009,
2014-05-15 00:00:00 UTC,11643.713466620002,39988.929838600008,97231.743978629966,86435.837111880013,47792.62006948,
2014-05-08 00:00:00 UTC,11617.701260060014,38522.213861499993,77577.3402829,116573.28531381,92918.73281361,
2014-05-01 00:00:00 UTC,11390.187044480004,36264.41272349,102653.30604889998,91927.63172544,67249.39121709,
2014-04-24 00:00:00 UTC,10821.82993967,35721.87286574,84732.78148713,109150.86228649001,93571.346976890025,
2014-04-17 00:00:00 UTC,10305.149398060003,29889.88010302,62646.217903379984,116076.14211447001,57380.27233040001,
2014-04-10 00:00:00 UTC,10980.579315710011,35889.312281849983,81750.99077702,136103.57755845998,61783.34170207,19960.23113022
2014-04-03 00:00:00 UTC,11431.879101909994,37147.434883570008,84146.38454115999,336597.48262666009,160617.43521524002,
2014-03-27 00:00:00 UTC,10312.017311479993,35826.580066569994,93400.614447510015,114583.9661623,43715.424475,
2014-03-20 00:00:00 UTC,12087.465505269989,40832.559617570005,73462.740417940018,136220.35124309,58599.84922754,
2014-03-13 00:00:00 UTC,10563.72390989,33761.738488660005,59781.336567889994,103818.17159844,80388.44562843,
2014-03-06 00:00:00 UTC,11861.319719980007,41731.749128989984,143562.71178389998,129436.48245270998,63598.036626050009,
2014-02-27 00:00:00 UTC,12181.237001789985,42106.50817619999,97665.995244049947,204791.66939830998,70216.430533960011,116034.13358668002
2014-02-20 00:00:00 UTC,11546.144731249997,35463.528006080014,88427.771306729977,146419.42272762,70684.48042833,19999.99223
2014-02-13 00:00:00 UTC,11370.958719049988,31571.974860809991,62587.198581779965,156142.37786821998,49844.31843115,
2014-02-06 00:00:00 UTC,11046.918346539993,32230.745386260009,67878.580742649981,105901.40076832999,39856.234095429994,52722.103
2014-01-30 00:00:00 UTC,10258.885554220004,29850.29479155,58033.168213189987,93429.644974310009,137765.75615886998,34729.35606314
2014-01-23 00:00:00 UTC,10383.979557359991,31163.164698270004,60331.85908619,177078.01374421004,48381.47398644,
2014-01-16 00:00:00 UTC,10333.353861200001,29776.046585860007,62401.774824459993,80662.589638629986,228292.53814474,
2014-01-09 00:00:00 UTC,10436.247814320004,33387.62058165,60245.630006089996,133748.63670988003,166843.21747125,27554.77998157
2014-01-02 00:00:00 UTC,9878.8384168699922,33875.465984319992,86163.015686689992,130935.83758026,59014.01524285,57750.781081570007
2013-12-26 00:00:00 UTC,9432.1606317699971,26678.094788000009,65453.404016919987,122087.67497145,22611.2818176,45359.920100999996
2013-12-19 00:00:00 UTC,10285.81296206,30610.538565079998,93606.23035992001,92342.81987284,32221.223308830005,
2013-12-12 00:00:00 UTC,10098.254937800008,31631.371907070006,96549.437417549983,88565.04523553999,53166.455133319992,
2013-12-05 00:00:00 UTC,10161.952467520001,36752.66772058,117908.81349530001,122606.16359271998,118643.42309952,
2013-11-28 00:00:00 UTC,12197.732655920005,50818.380013610025,169305.17522425996,170145.63304270004,66709.48522067,104924.29689999999
2013-11-21 00:00:00 UTC,11522.450592249997,49878.0280503,170225.39398506997,187355.69418579002,191322.64846936,84797.002
2013-11-14 00:00:00 UTC,11178.709914480005,47475.514398759995,171028.4767323001,336175.14932199003,657725.47756838007,
2013-11-07 00:00:00 UTC,10581.494642760012,47346.683236329984,211136.87616988996,304403.87413774,473662.37728412997,
2013-10-31 00:00:00 UTC,9965.5488743899969,39681.233311960015,175523.98801689007,249223.79080164,396173.94853517,
2013-10-24 00:00:00 UTC,8987.5150891,35313.357124809983,106685.68146996002,220369.02399385,45208.4311324,
2013-10-17 00:00:00 UTC,10313.56412743,38089.18135489,112771.13183311996,276207.2345825,48158.06162557,
2013-10-10 00:00:00 UTC,10394.824675870002,39598.730594370005,86406.06045711,187102.69763907,291993.02598686,
2013-10-03 00:00:00 UTC,9549.78543466001,35737.687276690005,92676.33333507,146011.78494935998,134910.84666167002,16153.0
2013-09-26 00:00:00 UTC,9220.1323913099968,33498.677641459995,114974.87970331998,139656.30080033,72243.209144159991,
2013-09-19 00:00:00 UTC,10347.657900509996,39737.098445909985,95832.956010879963,132334.45680179,117395.36173125998,
2013-09-12 00:00:00 UTC,7804.2265264899952,37337.234695139989,98185.28853035,133567.99230045997,100122.17129122998,87490.33655116
2013-09-05 00:00:00 UTC,8909.54930423001,36814.67548694001,88204.457493860013,129280.54690189,43725.084464750005,753033.332
2013-08-29 00:00:00 UTC,8737.58392355,35411.58317674,105751.30934419,244769.53456434997,64123.08257549,2503106.2025
2013-08-22 00:00:00 UTC,10237.433259319994,34808.49264435,134490.25975725995,122195.62887006,41916.95966569,
2013-08-15 00:00:00 UTC,10254.171582929996,44937.799125750025,198145.59814085002,112256.12117868998,20148.353722159998,
2013-08-08 00:00:00 UTC,8624.2483950399983,41741.653037159995,85467.97252497,100672.30505232999,31071.18706294,
2013-08-01 00:00:00 UTC,7197.6773775399915,39087.756893089987,98686.331566569977,93127.34566601,40451.90320519,26970.0
2013-07-25 00:00:00 UTC,7141.3553911800009,35943.85538255,87552.275487699982,115793.08729281,17311.63117874,
2013-07-18 00:00:00 UTC,7176.1940366000053,40990.936262319985,87745.2761265,74210.97915858,145617.01970136,
2013-07-11 00:00:00 UTC,6791.4014277299975,38259.127044819994,79227.404860289986,93482.924161359988,76295.12293697,31487.7979
2013-07-04 00:00:00 UTC,6079.6427214300065,27704.576660909996,74112.324232089988,68219.27933273,133016.00120197,
2013-06-27 00:00:00 UTC,6841.992881670004,41365.101115139994,73262.55650017,63817.69155558999,36026.270854810005,
2013-06-20 00:00:00 UTC,8508.9186310500081,31942.263947140003,79127.241844709992,81964.12528222,27768.50797952,
2013-06-13 00:00:00 UTC,8139.820860079999,27711.900146759992,72506.851516899987,62258.390882529988,24859.39914104,
2013-06-06 00:00:00 UTC,9764.0708577799978,44700.51744151,79943.83476052,44502.01067133,69296.09045123,
2013-05-30 00:00:00 UTC,11384.887844980001,50740.7085146,184275.12391495996,93880.017894399993,3871.05600325,
2013-05-23 00:00:00 UTC,9412.0270345300032,41642.022766730006,119151.7737505,138556.32705895999,97693.86007089,45490.685332400004
2013-05-16 00:00:00 UTC,8923.33882097999,43136.290390720023,289588.04419809004,164242.8450987,37330.36219329,31497.7989
2013-05-09 00:00:00 UTC,9884.5826052099983,63930.299152479987,476323.07252867025,96723.03683109,361306.29076476995,129701.397
2013-05-02 00:00:00 UTC,8906.5922613100029,55063.749311999993,367858.68440778006,174875.09938882,77769.854697689982,
2013-04-25 00:00:00 UTC,7052.9707491300014,30597.71673359,197284.79033925998,1420745.5577615206,388556.64684632997,25116.995999
2013-04-18 00:00:00 UTC,7395.2639189799947,32278.31108679001,130064.14983662,153224.43407211002,288001.90165751,44988.6309999
2013-04-11 00:00:00 UTC,7169.369427669998,44636.074488289967,211957.58725592002,692837.79710625007,223222.84204295,46521.35499768
2013-04-04 00:00:00 UTC,8054.2699439200014,47144.77095967999,254021.98823471,1031668.3606486694,326470.74368898006,15774.7184
2013-03-28 00:00:00 UTC,7335.064849569997,40112.84762208,208702.32231645004,470337.84803023015,120743.64526352001,
2013-03-21 00:00:00 UTC,7732.3263243699994,50778.717613869987,277491.43807671004,438057.4256890199,195170.24645796,
2013-03-14 00:00:00 UTC,6747.5039317900009,37353.06794298,177704.62146571002,301122.79514442,47321.14456242,
2013-03-07 00:00:00 UTC,10406.730769129997,51636.839018449959,177574.71747347,289164.89024771994,39352.83952589,
2013-02-28 00:00:00 UTC,11474.63205207,55402.808740859989,187755.42903343003,249004.22364054003,122413.01794352003,
2013-02-21 00:00:00 UTC,10708.578872990003,52535.81088609001,212179.85013984007,178967.12943865,233785.68433671002,10144.98
2013-02-14 00:00:00 UTC,9578.8204464300034,47698.171869449994,177581.59960349,228339.52616394,123905.09178659001,
2013-02-07 00:00:00 UTC,9639.9273526700035,74445.6002803,250108.92148114991,384585.74471319,100216.40944004999,
2013-01-31 00:00:00 UTC,7033.0230408900015,53819.057773460016,297850.52515588992,756372.99141525012,24376.395686070002,53880.0421
2013-01-24 00:00:00 UTC,6818.8384130799959,60504.04787148,262548.26434337994,287777.51407319,796537.153796,
2013-01-17 00:00:00 UTC,6992.7266355700012,71553.015025439978,220479.30580290998,270243.51024276996,19808.290067820002,
2013-01-10 00:00:00 UTC,6082.5728334399955,55882.21038836,206209.75279094998,139835.26854447002,93000.065983010019,
2013-01-03 00:00:00 UTC,5676.0483775599987,49923.202633989975,140697.46085890997,262441.85434504005,33738.62498554,
2012-12-27 00:00:00 UTC,5696.7182150099979,50608.669342739995,131265.17190391,301648.97282669006,110411.35373836999,12217.5565
2012-12-20 00:00:00 UTC,5342.1839283299969,37072.63332048001,132050.12181814,174103.85566035003,67097.67463263,
2012-12-13 00:00:00 UTC,5725.2962303399981,43144.61150418,149638.52008797997,173879.19526128002,40931.07554754,
2012-12-06 00:00:00 UTC,4178.7362714500005,29013.69217916,133692.90783957002,168972.51678344997,43634.74993977,
2012-11-29 00:00:00 UTC,4071.48215079,20502.54407525,79693.25030431,107722.73378898,69772.06345657,
2012-11-22 00:00:00 UTC,4190.0380577099995,21753.198506269986,66996.92481405,86213.77357866,67370.46924264,
2012-11-15 00:00:00 UTC,3536.5847865,16858.95353896,61806.747644210009,51965.517998150004,88872.35380754,
2012-11-08 00:00:00 UTC,3153.4816447400003,16526.558534150005,58086.836229540007,102620.76060451998,11581.97918532,
2012-11-01 00:00:00 UTC,3450.85294276,20800.6561292,65481.21446237999,85937.423913229984,26634.804385509997,
2012-10-25 00:00:00 UTC,2607.3958592500003,16167.99961349,62885.098793940007,64003.667197700008,18780.25717428,
2012-10-18 00:00:00 UTC,3629.578587,21710.102005189998,61049.949258349989,66147.45243151,44567.15421702,
2012-10-11 00:00:00 UTC,3142.4760605200008,18860.887887939996,45290.632254619988,34223.86724457,9016.396117010001,
2012-10-04 00:00:00 UTC,2810.2939157200017,14038.008642450002,37475.318630990005,67937.67610795,25431.93043072,
2012-09-27 00:00:00 UTC,2849.40629863,15439.723617869997,52001.623362129991,85376.05378557,12936.75904117,
2012-09-20 00:00:00 UTC,2813.5355873100011,16318.779868799998,47783.749652839993,71618.76409158,40036.65604184,
2012-09-13 00:00:00 UTC,3866.3284400399989,25886.233778439997,69162.18081424,63101.257193150006,10477.88297921,
2012-09-06 00:00:00 UTC,3334.8687637200014,25940.491292980005,70218.88826453,41432.18130124,5018.0,
2012-08-30 00:00:00 UTC,3673.554032279998,28405.287303409987,74698.70354734,77243.29660721,14876.109499999999,
2012-08-23 00:00:00 UTC,2734.1610249799987,22504.692261469987,77533.84959476997,49535.42837436,19429.233236189997,
2012-08-16 00:00:00 UTC,2387.3941533600009,25256.23999074001,74122.243327770018,51108.53472654,38316.5095,
2012-08-09 00:00:00 UTC,3848.7813128700004,14741.503427909996,47244.678113520007,21535.84240111,12322.70378268,
2012-08-02 00:00:00 UTC,2161.11833311,15804.766579520001,45072.897727239993,41331.88239148,3117.98806125,
2012-07-26 00:00:00 UTC,2432.3790542700008,14606.151943810002,49484.96610073,43555.905973,12268.98913358,12000.0
2012-07-19 00:00:00 UTC,2307.44016887,11043.39921301,37853.60091447,25270.319363060004,5611.5588796600005,
2012-07-12 00:00:00 UTC,1897.78498696,10277.69986622,28119.46668422,26612.063628179996,31105.89035696,66997.9686
2012-07-05 00:00:00 UTC,1572.23993553,8876.96955845,12107.346078600001,14272.9386003,8664.88954,
2012-06-28 00:00:00 UTC,1123.16045403,7303.5492761200012,12609.32886032,13371.67053331,3504.2017319300003,
2012-06-21 00:00:00 UTC,1655.30240783,5720.7856681400008,14736.216386940001,21261.225352909998,3143.1288999999997,
2012-06-14 00:00:00 UTC,2290.4655284600003,5876.3421861899988,12978.404567990001,25391.37043899,4999.0,
2012-06-07 00:00:00 UTC,1873.5383125600003,12059.157616380004,13369.458214660002,13187.83541165,2500.0,14000.0
2012-05-31 00:00:00 UTC,977.44601602000023,11361.537659990001,12621.68184565,12059.41013643,3376.0245,
2012-05-24 00:00:00 UTC,885.1649771900004,11075.534637969999,14368.486434229999,8898.69240489,7491.1698376999993,
2012-05-17 00:00:00 UTC,1322.01200112,5621.3078736899988,9636.68510961,7027.20644901,12611.314902850001,22000.0
2012-05-10 00:00:00 UTC,313.58202840000007,3615.4904951700005,11367.93136906,8591.96479071,3550.87471473,
2012-05-03 00:00:00 UTC,533.24427808,4352.1799491500005,4951.4966389400006,23112.663177309998,7800.8865703899992,
2012-04-26 00:00:00 UTC,145.66709423999998,3229.6492624400003,3056.1800748200003,4708.86156929,2900.0,
2012-04-19 00:00:00 UTC,73.77903258,5028.30577962,2314.5593290300003,6196.83011557,5519.58801389,
2012-04-12 00:00:00 UTC,197.26484943000003,3484.56156084,2687.97908819,3430.79265784,9034.93056492,
2012-04-05 00:00:00 UTC,317.78611667999996,951.28044578,3906.3727139200005,11973.28328062,24068.15669128,
2012-03-29 00:00:00 UTC,230.98979781,1205.89020885,2721.4405558300004,6199.9774453799992,1250.0,
2012-03-22 00:00:00 UTC,240.46069628,903.4448995,2556.1956072800003,1881.71614967,,27084.29343361
2012-03-15 00:00:00 UTC,180.80989785,937.88648448000026,1687.5290092200003,4741.42336857,,
2012-03-08 00:00:00 UTC,250.51985024,3397.6186222700003,73231.492461420014,21883.40314531,62598.97850941,
2012-03-01 00:00:00 UTC,51.978867029999996,411.86282620000003,2257.44302916,2880.24,8431.84,
2012-02-23 00:00:00 UTC,38.983428509999996,1646.03484144,1536.6556240399998,3272.45848617,2340.0,
2012-02-16 00:00:00 UTC,69.320580339999992,2696.40362403,1097.25400468,1640.8224016,,
2012-02-09 00:00:00 UTC,302.15674502,8264.08412499,255373.7529225,43698.744541639993,1200.0,
2012-02-02 00:00:00 UTC,404.7236180700001,10452.249359219999,347156.44336921,59185.34511677,1308.26993078,
2012-01-26 00:00:00 UTC,387.87924386,9410.0475694700035,377702.7636206,78882.06280694998,,
2012-01-19 00:00:00 UTC,424.82839957999994,10115.285075040001,393524.28133045021,151759.93110469,4956.8345887899995,
2012-01-12 00:00:00 UTC,441.16219598999987,10480.264025370001,303845.47151734,155511.01092551998,2001.86472546,
2012-01-05 00:00:00 UTC,356.09651620999983,8610.14755551,250464.09068394004,242017.10559536,2719.70754852,
2011-12-29 00:00:00 UTC,32.88334069,371.6089085399999,817.63891199,3052.46094057,,
2011-12-22 00:00:00 UTC,46.39000423,287.57606904,607.9141267199999,3580.83584589,7199.95,
2011-12-15 00:00:00 UTC,35.851279500000004,410.75097168,1753.67217445,5175.2897170199994,,
2011-12-08 00:00:00 UTC,38.90958845,415.36568047000003,1292.21508127,2892.22662307,6163.68171601,
2011-12-01 00:00:00 UTC,35.56827475,367.59040038,2104.45045068,949.35426835,,
2011-11-24 00:00:00 UTC,30.507984920000002,339.10212649000005,2200.38212009,962.47651405,4000.0,
2011-11-17 00:00:00 UTC,109.98306882,2713.17355815,54713.21861771,30300.364102980002,1646.24424401,
2011-11-10 00:00:00 UTC,28.9839427,269.14273624000003,916.53195881000011,525.0,1646.0,
2011-11-03 00:00:00 UTC,38.01615783,222.68364151,13391.01359017,1472.0245,1800.0,
2011-10-27 00:00:00 UTC,77.905765229999986,216.65678153000005,11725.791748470001,573.8355,,
2011-10-20 00:00:00 UTC,134.81234417,471.01466379,7556.76814878,774.40864077,,
2011-10-13 00:00:00 UTC,38.68320746,1174.3480178500001,8125.64491204,447.09876219,,
2011-10-06 00:00:00 UTC,148.01443482000002,1271.2468458199999,5908.85759583,239.54,1809.8893508,
2011-09-29 00:00:00 UTC,41.574558409999995,2187.39266497,826.22780697,130.55,,
2011-09-22 00:00:00 UTC,35.05041532,3217.6169095600003,646.36982679,444.38,,
2011-09-15 00:00:00 UTC,136.23901537,3550.1688482300005,903.4479335,1128.98000001,,
2011-09-08 00:00:00 UTC,33.56954914,1556.4030252399998,680.58753708000006,642.3861613,,
2011-09-01 00:00:00 UTC,34.248594819999994,164.10003871,189.06635152,430.0005,,
2011-08-25 00:00:00 UTC,33.489055119999996,137.72381129000001,180.20999999999998,996.75254541999993,,
2011-08-18 00:00:00 UTC,76.13013921000001,2049.8437321600004,375.81059922000003,571.49949336,,
2011-08-11 00:00:00 UTC,47.821409829999993,552.5491594,588.9269577,160.0,5941.7817016000008,12246.98937268
2011-08-04 00:00:00 UTC,24.873815980000003,172.35648667,201.51284330000001,338.96,,
2011-07-28 00:00:00 UTC,26.10572939,118.87450848,484.6823,,,
2011-07-21 00:00:00 UTC,32.333213130000004,86.856864020000017,656.8950000000001,1684.899,,
2011-07-14 00:00:00 UTC,17.31915906,151.51434675000002,380.72016582,100.0005,,
2011-07-07 00:00:00 UTC,17.31651728,125.75675182,182.848,120.0,1636.6892481,
2011-06-30 00:00:00 UTC,11.164590879999999,38.58397603,179.66000000000003,1430.55648,,
2011-06-23 00:00:00 UTC,6.5992756899999989,24.46021627,263.82906134,867.0,,
2011-06-16 00:00:00 UTC,5.9801286100000013,62.14686086,382.87370495999994,1000.0,2000.0,
2011-06-09 00:00:00 UTC,10.989756850000003,48.32091176,229.6,,,10273.02740206
2011-06-02 00:00:00 UTC,5.8132737100000007,40.767,232.85703106000003,1518.978,4711.38,
2011-05-26 00:00:00 UTC,4.45460587,41.02,337.85505598,,,
2011-05-19 00:00:00 UTC,5.28400165,18.208056980000002,64.07126328999999,,,
2011-05-12 00:00:00 UTC,8.41254962,41.709999999999994,255.19449345,920.55,,
2011-05-05 00:00:00 UTC,4.06919902,9.17,59.647204009999996,1719.82,,
2011-04-28 00:00:00 UTC,6.68019902,13.410576,263.01,240.0,,
2011-04-21 00:00:00 UTC,3.15536089,8.27,91.63,,,
2011-04-14 00:00:00 UTC,5.66,29.999999999999996,217.82,27781.749999999996,,53000.0
2011-04-07 00:00:00 UTC,4.7799999999999994,7.33,71.42,1590.73,,
2011-03-31 00:00:00 UTC,3.98,29.23,128.66,568.31,,
2011-03-24 00:00:00 UTC,1.9800000000000002,19.270000000000003,27.6,183.84,1841.86666612,
2011-03-17 00:00:00 UTC,2.18,20.91633152,75.16192768,,,
2011-03-10 00:00:00 UTC,0.85000000000000009,,326.56613504,,,
2011-03-03 00:00:00 UTC,2.87131904,13.6,47.489999999999995,3004.51,,
2011-02-24 00:00:00 UTC,2.92,52.560000000000009,73.3,648.09,,
2011-02-17 00:00:00 UTC,2.1400000000000006,,50.0,,4311.29,
2011-02-10 00:00:00 UTC,0.91999999999999993,,,114.28,,
2011-02-03 00:00:00 UTC,1.07,7.0,32.0,1079.88,,
2011-01-27 00:00:00 UTC,1.31,,55.55,,,
2011-01-20 00:00:00 UTC,1.6999999999999997,10.0,40.0,,,
2011-01-13 00:00:00 UTC,2.8299999999999996,11.4,42.0,,,
2011-01-06 00:00:00 UTC,0.64000001000000006,12.75,,734.83,,
2010-12-30 00:00:00 UTC,0.64,10.0,,,,
2010-12-23 00:00:00 UTC,1.16,5.05,,196.0,,10000.31
2010-12-16 00:00:00 UTC,0.48,,50.05,,,
2010-12-09 00:00:00 UTC,0.26,,,,,
2010-12-02 00:00:00 UTC,1.4100000000000001,9.18,,,,
2010-11-25 00:00:00 UTC,0.51,5.5,,,,
2010-11-18 00:00:00 UTC,1.1400000000000001,2.0,,183.85,,
2010-11-11 00:00:00 UTC,0.11,10.0,50.0,,,
2010-11-04 00:00:00 UTC,0.57000000000000006,15.36,76.01,,,
2010-10-28 00:00:00 UTC,1.26,1.15,,,,
2010-10-21 00:00:00 UTC,0.62,10.0,50.0,,,
2010-10-14 00:00:00 UTC,0.11,,,,,
2010-10-07 00:00:00 UTC,1.32,,,249.05,,
2010-09-30 00:00:00 UTC,1.27,10.0,,,,
2010-09-23 00:00:00 UTC,0.16000000000000003,,,250.6,,
2010-09-16 00:00:00 UTC,0.33,1.21,,,,
2010-09-09 00:00:00 UTC,0.63,,,,,
2010-09-02 00:00:00 UTC,1.1,1.13,21.0,,,
2010-08-26 00:00:00 UTC,0.20000000000000004,5.0,100.0,,,
2010-08-19 00:00:00 UTC,0.61,1.01,,,,
2010-08-12 00:00:00 UTC,0.51,3.0,,301.05,1446.46,
2010-08-05 00:00:00 UTC,1.25,2.0,,1132.1,,
2010-07-29 00:00:00 UTC,1.06,,20.37,,,
2010-07-22 00:00:00 UTC,0.15000000000000002,4.0,,,,
2010-07-15 00:00:00 UTC,1.1600000000000001,5.0,,105.0,,
2010-07-08 00:00:00 UTC,1.06,6.1,60.01,370.94,,
2010-07-01 00:00:00 UTC,1.0,,,,,
2010-06-24 00:00:00 UTC,,5.0,,,4000.0,17000.0
2010-06-17 00:00:00 UTC,0.34,,50.0,,,
2010-06-10 00:00:00 UTC,1.3,,65.0,,,
2010-06-03 00:00:00 UTC,,,,250.0,,
2010-05-27 00:00:00 UTC,,5.0,,256.07,,
2010-05-06 00:00:00 UTC,,,50.0,250.0,,
2010-04-29 00:00:00 UTC,1.02,,,,,
2010-04-22 00:00:00 UTC,1.0,5.0,91.06,1900.0,7641.06,
2010-04-15 00:00:00 UTC,1.0,,,,,
2010-04-08 00:00:00 UTC,1.5,,100.0,,,
2010-02-25 00:00:00 UTC,1.0,,,,,
2010-02-11 00:00:00 UTC,1.0,,,,,
2010-01-21 00:00:00 UTC,,,99.0,200.0,,
2009-11-12 00:00:00 UTC,,,20.0,,,
2009-10-01 00:00:00 UTC,,,,700.0,,
2009-01-29 00:00:00 UTC,1.01,,50.0,,,
